,Ids,Dice_1,Dice_2,Hausdorff95_1,Hausdorff95_2,Sensitivity_1,Sensitivity_2,Specificity_1,Specificity_2,Surface_dice_1,Surface_dice_2,Precision_1,Precision_2
0,Patient_98613,0.8307456187314844,0.9967520169755402,10.677078252031311,1.4142135623730951,0.7275711159737418,0.9994718442867837,0.9994718442867837,0.7275711159737418,0.3768392864249929,0.956252238210381,0.9680169688903677,0.9940469522308047
0,832_19_4,0.8542490491223912,0.999238481419245,4.123105625617661,0.0,0.9439681859313235,0.9987425171668801,0.9987425171668801,0.9439681859313235,0.5985161912390509,0.9862625237198734,0.7801042999114435,0.999734938496832
0,1733_18,0.8003688902551491,0.9981648472448689,7.681145747868608,0.0,0.7965684774760442,0.9982086269640584,0.9982086269640584,0.7965684774760442,0.40085600323581855,0.9706033682890095,0.8042057402671213,0.9981210713657176
0,826_18_4,0.8566481897767415,0.9970662185365725,8.774964387392123,1.4142135623730951,0.7741048222261475,0.9992468374331532,0.9992468374331532,0.7741048222261475,0.33833263094949856,0.9552414182177092,0.9588959739934984,0.9948950962814951
0,778_19,0.8350591608857478,0.9993596991412412,11.575836902790225,0.0,0.8564044676806084,0.9992630141249442,0.9992630141249442,0.8564044676806084,0.6246490391439492,0.9881975393619742,0.81475201356507,0.9994564028691223
0,Patient_10014,0.8937362965356744,0.9972803038827193,5.0,1.4142135623730951,0.8851529160739687,0.9975278753171306,0.9975278753171306,0.8851529160739687,0.5445528585411658,0.9545934065585664,0.9024877741469096,0.9970328553048392
0,Patient_33517,0.8708941114235054,0.9992576851051663,4.0,0.0,0.926196032672112,0.998914753229952,0.998914753229952,0.926196032672112,0.5788469130286481,0.9861828740704848,0.8218240982121398,0.9996008525213173
0,Patient_102016,0.7894710058268237,0.9990691551148262,6.4031242374328485,0.0,0.8138656454109068,0.9989367681915059,0.9989367681915059,0.8138656454109068,0.48185665882710227,0.9831805648401056,0.7664962079102745,0.999201577132701
0,7_19_4,0.7935013590313813,0.9990596937506822,9.899494936611665,0.0,0.7305050045495906,0.999452163655274,0.999452163655274,0.7305050045495906,0.5362535167015483,0.9874843974200397,0.868388318009735,0.9986675319592128
0,Patient_98817,0.8558215429438741,0.9959190297352679,7.0,2.23606797749979,0.7982321305900615,0.9979569552562583,0.9979569552562583,0.7982321305900615,0.3495819416226356,0.9399364982149325,0.9223667995491643,0.9938894105376577
0,Patient_43414,0.6438752481170297,0.992510848725114,61.66846844214635,3.4641016151377544,0.8130850106786982,0.9881861221493073,0.9881861221493073,0.8130850106786982,0.33955229985970725,0.9466604350823468,0.5329615175127053,0.9968735954123705
0,664_18_4,0.8813455835320114,0.999078699098746,3.605551275463989,0.0,0.9484965111549173,0.9985297969942065,0.9985297969942065,0.9484965111549173,0.6489745411770409,0.984048732388909,0.823074207825355,0.9996282050094745
0,Patient_103614,0.6427768490228858,0.9972019318602057,39.87480407475377,1.0,0.9261966566296335,0.994817477106864,0.994817477106864,0.9261966566296335,0.26674882244915954,0.9675172753178218,0.49217068891316584,0.9995978445645479
0,Patient_55317,0.6831801974766868,0.9989615491111643,7.211102550927978,0.0,0.6106395366653388,0.9993506732212398,0.9993506732212398,0.6106395366653388,0.33113681284806906,0.9815207568608749,0.7752791502937401,0.9985727279150538
0,Patient_62817,0.7036366298559682,0.9978305040150371,18.35755975068582,0.0,0.5589798217259281,0.9997244054256184,0.9997244054256184,0.5589798217259281,0.33493034043213327,0.9728881401149115,0.9493044436588967,0.9959437647390306
0,Patient_73415,0.6516268980477223,0.9985549627043612,10.63014581273465,0.0,0.50035394545076,0.9998087831377809,0.9998087831377809,0.50035394545076,0.23852931868098406,0.9804201202358782,0.9340069957248348,0.9973042830648812
0,1360_18,0.7750973775459928,0.9986368934399772,15.556349186104045,0.0,0.745644786263638,0.9988760258293142,0.9988760258293142,0.745644786263638,0.49543432249445596,0.9780998769102002,0.8069723776156095,0.9983978755205271
0,Patient_63916,0.6166719979527862,0.9966147429700746,14.352700094407323,0.0,0.7068313143460534,0.9954933591156654,0.9954933591156654,0.7068313143460534,0.20063204166049672,0.960874919446987,0.5469111706232127,0.9977386560625964
0,244_19_4,0.9139768753241972,0.9997111187044767,2.23606797749979,0.0,0.8948265128927624,0.9997829722329212,0.9997829722329212,0.8948265128927624,0.8121996943603486,0.9957120837190897,0.9339648450858354,0.9996392755033905
0,1036_18,0.9203430390327124,0.9992130680696685,4.0,0.0,0.8867951589236659,0.9995866412126067,0.9995866412126067,0.8867951589236659,0.7045292835018496,0.9870153563496794,0.9565289826615734,0.9988397740516218
0,1366_19_4,0.7695660564752621,0.9972253321085611,34.713109915419565,1.4142135623730951,0.7016221783537894,0.9983894891783341,0.9983894891783341,0.7016221783537894,0.3437686831136535,0.9556120447884512,0.8520800108404474,0.9960638867725468
0,1769_18,0.8843933875035024,0.9994194219266017,3.4641016151377544,0.0,0.9254568057607956,0.9991967692499364,0.9991967692499364,0.9254568057607956,0.6819416550919303,0.9898801335250098,0.8468191964285714,0.9996421738535152
0,Patient_30515,0.8463982438911675,0.9994020269913187,3.605551275463989,0.0,0.9473684210526315,0.9989875316227773,0.9989875316227773,0.9473684210526315,0.5304041290145017,0.9875104029303104,0.7648778450615995,0.9998168664637049
0,Patient_4314,0.7440818113907421,0.9971874478927657,23.0,1.4142135623730951,0.7467015468607825,0.997149000236432,0.997149000236432,0.7467015468607825,0.2881891876878785,0.9598350465541738,0.7414803938681425,0.9972258985141113
0,Patient_20717,0.878153810820565,0.9983130980808268,4.898979485566356,0.0,0.8703367991480436,0.998437249609284,0.998437249609284,0.8703367991480436,0.47389308585105716,0.9691286018861056,0.8861125135531075,0.9981889774239856
0,Patient_56716,0.3152017119001901,0.9918756214355117,22.847319317591726,10.344080432788601,0.9992731457645598,0.9838848447231084,0.9838848447231084,0.9992731457645598,0.018331019389245654,0.9529226612085444,0.18711118924344586,0.999997257663431
0,983_19_4,0.8672398211016615,0.9993551942987876,14.071247279470288,0.0,0.8798194470566109,0.9992857998186702,0.9992857998186702,0.8798194470566109,0.6345612519771858,0.9887378727657603,0.8550148503541238,0.9994245984176456
0,725_19_4,0.7982269696804549,0.9981164849033052,5.0,1.0,0.8502541345235946,0.9975466872877657,0.9975466872877657,0.8502541345235946,0.4937922131332179,0.9661995157662381,0.7521997649019093,0.9986869338264647
0,1295_18_4,0.1986000286683549,0.9924143096264209,26.40075756488817,6.557438524302,0.8548951048951049,0.9852548427623254,0.9852548427623254,0.8548951048951049,0.10049452039670363,0.9547341346325282,0.1123499837820305,0.9996785882850328
0,Patient_135915,0.8705059484899987,0.9991063300344385,4.242640687119285,0.0,0.9407318451539983,0.9985918757135308,0.9985918757135308,0.9407318451539983,0.5452958523887379,0.9829650583572732,0.810036496350365,0.999621314701475
0,1185_18_4,0.7991281595625089,0.9976819442097409,27.676705006196094,2.23606797749979,0.7857625547853957,0.9978778194223435,0.9978778194223435,0.7857625547853957,0.4643106907854962,0.9602331442951708,0.8129563228493523,0.997486145879435
0,Patient_107017,0.7778898168359115,0.9978829006488684,8.774964387392123,1.0,0.7241714430860638,0.9985889596445853,0.9985889596445853,0.7241714430860638,0.38409259927855577,0.9675299407388178,0.8402162910190536,0.9971778393951518
0,Patient_61715,0.8566441592226324,0.9983012298375169,5.916079783099616,1.0,0.8596945876164973,0.9982592559475139,0.9982592559475139,0.8596945876164973,0.49811907889649115,0.9696266604168227,0.8536153017754863,0.9983432072574278
0,Patient_73717,0.8372323777950365,0.9959707093196394,7.810249675906654,2.23606797749979,0.776372759363485,0.9979071743622304,0.9979071743622304,0.776372759363485,0.3500684112705639,0.9424710562385671,0.9084451063059075,0.9940417452436262
0,351_18,0.8872400224845419,0.9990940335379209,4.47213595499958,0.0,0.8925834817767976,0.9990459810058769,0.9990459810058769,0.8925834817767976,0.6288910062848158,0.9839943866736022,0.8819601598077836,0.9991420906926889
0,1501_18_4,0.8617614269788183,0.9993160774588428,36.0,0.0,0.7865315530452478,0.9997891854619502,0.9997891854619502,0.7865315530452478,0.6564061006853099,0.98848268906217,0.9529044755842915,0.9988434170007126
0,Patient_46311,0.8684833775071844,0.9987346373559094,4.58257569495584,0.0,0.968554201074846,0.9977428090165629,0.9977428090165629,0.968554201074846,0.5095361613328289,0.9767872058883645,0.7871547123179683,0.9997284395552748
0,1255_18,0.8073867577577971,0.9983373614218367,6.708203932499369,0.0,0.9089301763639847,0.9973755461122519,0.9973755461122519,0.9089301763639847,0.44420542589026923,0.973997088419225,0.7262517217428158,0.9993010335679167
0,668_18_4,0.9167114210721391,0.999378744859242,3.1622776601683795,0.0,0.8786740716036135,0.9997015476964369,0.9997015476964369,0.8786740716036135,0.7122034510773781,0.9893202259097243,0.958191018342821,0.9990561504203159
0,Patient_99715,0.8413189907704056,0.9984963580907632,6.928203230275509,0.0,0.7419864037210868,0.9997646319348387,0.9997646319348387,0.7419864037210868,0.44824490496456176,0.9743009764108276,0.9713585077217683,0.9972312979643072
0,990_18_4,0.8128109696376102,0.99946329531956,4.898979485566356,0.0,0.8155267295597485,0.9994537526284575,0.9994537526284575,0.8155267295597485,0.5253800177860178,0.9896015849200679,0.8101132370167903,0.9994728381928898
0,Patient_96316,0.8588913314716892,0.9994659523845395,4.898979485566356,0.0,0.8432104526364909,0.9995363016027503,0.9995363016027503,0.8432104526364909,0.6306817588685373,0.9900472953097502,0.8751664850466158,0.9993956130682485
0,Patient_2317,0.3247373447946514,0.9973766083327177,37.26929030716845,0.0,0.8540112650327295,0.9949809654933526,0.9949809654933526,0.8540112650327295,0.19406920229926877,0.9706524822616828,0.20048602673147023,0.9997838151242849
0,1546_18,0.9047842477389293,0.9996692741278012,2.23606797749979,0.0,0.944660292577452,0.999522723239827,0.999522723239827,0.944660292577452,0.764256800149934,0.9947555580616644,0.868138350720318,0.9998158679969136
0,Patient_24616,0.8716403277199835,0.9981856780852801,9.433981132056603,1.0,0.842267520869734,0.9986779517514327,0.9986779517514327,0.842267520869734,0.6022801706414272,0.974280756445856,0.9031358246735944,0.9976938894883505
0,Patient_70716,0.858507937478971,0.9986927254912877,4.58257569495584,0.0,0.956801570851969,0.9977457077987375,0.9977457077987375,0.956801570851969,0.42160600209715504,0.9743686342674769,0.7785285535177356,0.9996415426294409
0,662_17,0.8567009117401999,0.9979582691689102,7.0710678118654755,0.0,0.9644546572477493,0.9963721814083967,0.9963721814083967,0.9644546572477493,0.4093765654225845,0.9658299758407932,0.7706050261059154,0.9995494146486663
0,322_18_4,0.9121920640712569,0.9989360760239149,7.14142842854285,0.0,0.9210508913304299,0.9988196750745595,0.9988196750745595,0.9210508913304299,0.7046760574172676,0.9835951641654369,0.9035020248542753,0.999052504106817
0,1764_18_4,0.8889554267957143,0.9992261635011291,4.0,0.0,0.9259727560860476,0.9989478709580812,0.9989478709580812,0.9259727560860476,0.6339965121452191,0.9858756211139789,0.8547839890438247,0.9995046111440041
0,Patient_35416,0.8364068515213112,0.9979786329145099,7.0710678118654755,1.0,0.8277960436685982,0.9981069184515403,0.9981069184515403,0.8277960436685982,0.43786545145969263,0.9674474084118161,0.8451986831733668,0.9978503803500275
0,1331_19_4,0.869029070619099,0.9994468786097357,4.898979485566356,0.0,0.8347788267198812,0.9996200885305099,0.9996200885305099,0.8347788267198812,0.6799968831557733,0.9901568087254154,0.9062100760984281,0.9992737287047202
0,Patient_71815,0.9043300823288544,0.9975935646355104,4.898979485566356,1.4142135623730951,0.929589691611765,0.9969121820442526,0.9969121820442526,0.929589691611765,0.5411305253243648,0.9577299313266354,0.880406909822988,0.9982758793044273
0,Patient_90616,0.8367995997712979,0.9994868548550924,4.69041575982343,0.0,0.8809344669325108,0.9993294326813997,0.9993294326813997,0.8809344669325108,0.599506628992554,0.9907133379033642,0.796876063431566,0.9996443266333386
0,788_18,0.9268940698516233,0.9994128282546073,2.23606797749979,0.0,0.9485829377068048,0.9992293268943127,0.9992293268943127,0.9485829377068048,0.7820995853148175,0.9910513935048039,0.9061748416090596,0.999596397024721
0,64_19,0.844429469901168,0.9996111496630263,4.242640687119285,0.0,0.8364631541473834,0.999634945844873,0.999634945844873,0.8364631541473834,0.6346958110160721,0.9928292316117675,0.8525489840348331,0.9995873546140828
0,661_19,0.6990201097762803,0.9985775948484389,7.810249675906654,0.0,0.854187278123727,0.997721066551648,0.997721066551648,0.854187278123727,0.35466640467644833,0.976320784134257,0.5915603651532555,0.9994355950417514
0,Patient_17516,0.8305865330321852,0.998917749405726,4.898979485566356,0.0,0.7897818791946308,0.9992475531099183,0.9992475531099183,0.7897818791946308,0.4975555257442218,0.9796258478000556,0.8758373027686811,0.9985881633344812
0,1357_19_4,0.8859259888325088,0.9990900775779569,4.58257569495584,0.0,0.8445481899261937,0.99948068006741,0.99948068006741,0.8445481899261937,0.6594495950326734,0.9858921583006817,0.9315671974996279,0.9986997802683953
0,349_18_4,0.9180496602911251,0.998008650787195,4.58257569495584,1.0,0.8782265822956329,0.9991095257998045,0.9991095257998045,0.8782265822956329,0.5866745677532337,0.9666604768707376,0.9616558272954326,0.9969101991162993
0,Patient_51815,0.7294338061753327,0.9987487201669063,16.1245154965971,0.0,0.9820486782192813,0.9975620044028232,0.9975620044028232,0.9820486782192813,0.3946506700112856,0.9814926119396634,0.580190048576571,0.9999382627660601
0,Patient_83314,0.5972589688624528,0.9964654984275443,13.601470508735444,0.0,0.983630889275264,0.9930422106562466,0.9930422106562466,0.983630889275264,0.08256407712471098,0.9621521138940461,0.42881836921455707,0.9999124698590753
0,979_18_4,0.7859449875704393,0.9980486237369164,11.313708498984761,0.0,0.8325671806456697,0.9975393877581914,0.9975393877581914,0.8325671806456697,0.40015110162187684,0.9692287571234747,0.7442674149651877,0.998558379903083
0,Patient_123816,0.8943416802986451,0.9992898942565441,3.0,0.0,0.9102318909873297,0.9991726646040031,0.9991726646040031,0.9102318909873297,0.7257637068318609,0.9882490101105555,0.8789967514799729,0.9994071514206544
0,856_19_4,0.8586660653598982,0.9995068538325438,8.602325267042627,0.0,0.8177188784588012,0.9996815208576296,0.9996815208576296,0.8177188784588012,0.6602744401300028,0.9914574741801057,0.9039302790871172,0.9993322478333735
0,Patient_61017,0.6943862022319919,0.9989844275900356,8.306623862918075,0.0,0.5498781500227632,0.9998576033565116,0.9998576033565116,0.5498781500227632,0.28748952026940583,0.9833232618010613,0.9419239414652049,0.9981127755818671
0,Patient_41117,0.5367882781001082,0.9973468977391968,20.688160865577203,0.0,0.9758652745995423,0.9947832771837225,0.9947832771837225,0.9758652745995423,0.0947723528952342,0.967562395392832,0.3702151325248908,0.9999237656644618
0,Patient_64117,0.8901513499367558,0.9994329073176685,3.605551275463989,0.0,0.8426126628269441,0.9997240853965833,0.9997240853965833,0.8426126628269441,0.6498565206932773,0.989476685015149,0.9433748584371461,0.9991418988055127
0,Patient_74417,0.8642518111416437,0.9996949927508859,4.58257569495584,0.0,0.8622700762673845,0.9997001551088305,0.9997001551088305,0.8622700762673845,0.7140915753631596,0.9948699631729491,0.8662426761480294,0.9996898304462569
0,Patient_15817,0.8102652658462968,0.998524114446092,5.477225575051661,0.0,0.8453235231780059,0.998202087893562,0.998202087893562,0.8453235231780059,0.4389663917745317,0.9741010667016274,0.7779991639960987,0.9988463488414371
0,Patient_24517,0.8996892309536244,0.9993394851727472,3.4641016151377544,0.0,0.8856396426765548,0.9994438850470251,0.9994438850470251,0.8856396426765548,0.6589820847195386,0.9880282026267208,0.9141917636619865,0.9992351071069879
0,450_19,0.7096129560499036,0.9976371793804859,29.274562336608895,1.0,0.6140009606147935,0.998902848252969,0.998902848252969,0.6140009606147935,0.4137330447999352,0.970114537662143,0.8404944278247148,0.9963747138035822
0,1274_18,0.8582834331337326,0.9993729659150976,3.7416573867739413,0.0,0.945279901425411,0.9989661831804649,0.9989661831804649,0.945279901425411,0.6330954102760027,0.9884003316954878,0.7859504517090435,0.9997800800715629
0,Patient_92514,0.8347938278878638,0.9974809848585038,7.874007874011811,1.0,0.8450730808721387,0.9972960171650554,0.9972960171650554,0.8450730808721387,0.4043090511839677,0.9598049132826645,0.8247616381025361,0.9976660211762999
0,907_18,0.878172427996578,0.9991325317731389,4.242640687119285,0.0,0.8187645859797347,0.9996489960044234,0.9996489960044234,0.8187645859797347,0.53609610324046,0.9843019035371047,0.9468757473267057,0.9986166009242053
0,25_19,0.8847574725327448,0.99973032921728,3.0,0.0,0.8268023672883787,0.9998943372870577,0.9998943372870577,0.8268023672883787,0.7433246550551833,0.9953016351727242,0.9514497987823753,0.9995663749416576
0,1788_18_4,0.6962793426802291,0.9952599912192357,19.209372712298546,5.196152422706632,0.563051115197812,0.9989488880546368,0.9989488880546368,0.563051115197812,0.2583801735496571,0.9380192344371433,0.9120986145458365,0.9915982387026849
0,Patient_140316,0.7192683964270523,0.9984389481754447,6.6332495807108,0.0,0.8223755818531299,0.9977433417608169,0.9977433417608169,0.8223755818531299,0.18181339731299392,0.9730365580784306,0.639135364734256,0.9991355251921146
0,102_19_4,0.7119301648884578,0.9987974199190992,8.94427190999916,0.0,0.5712556208924248,0.9998252595436211,0.9998252595436211,0.5712556208924248,0.4239522785311561,0.9830597469725009,0.9445238776093795,0.9977716914021805
0,Patient_120115,0.8421550914785683,0.9988715258046181,10.488088481701515,0.0,0.9338442426469302,0.9981708623765013,0.9981708623765013,0.9338442426469302,0.5184607658563334,0.9813108591661143,0.7668611166987557,0.9995731735814202
0,Patient_27015,0.8079486993696109,0.9988051117145035,6.48074069840786,0.0,0.7378085092304638,0.9993962254278184,0.9993962254278184,0.7378085092304638,0.46839658348399393,0.9795108566002124,0.8928256866042117,0.9982146968408807
0,1254_18,0.8596917749635843,0.9984675953339759,6.48074069840786,0.0,0.847119637949881,0.9986294626127661,0.9986294626127661,0.847119637949881,0.51858692938487,0.9737655939419586,0.8726427007913791,0.9983057805206309
0,140_19_4,0.9161966260810933,0.9996364787678683,3.605551275463989,0.0,0.8693159448818898,0.9998703777049652,0.9998703777049652,0.8693159448818898,0.784036738936402,0.9943849334234315,0.9684219182588196,0.9994026892367884
0,337_19_4,0.7779871265804558,0.9958660187793315,9.0,2.8284271247461903,0.6966744031648313,0.9980350449195478,0.9980350449195478,0.6966744031648313,0.20251527415620266,0.9405364337397029,0.8807888676156386,0.993706400068125
0,Patient_127016,0.7007540679984124,0.9979592959841795,11.445523142259598,0.0,0.7951960968286733,0.997151681576074,0.997151681576074,0.7951960968286733,0.242010311148261,0.9703551136374334,0.626363555739498,0.9987682196609478
0,Patient_131416,0.49571059353982,0.9923569365276715,58.31809324729333,12.36931687685298,0.340594539147109,0.9992542936507564,0.9992542936507564,0.340594539147109,0.12526646017062898,0.9365968567570464,0.9102744255248801,0.9855541447422209
0,Patient_41817,0.7635333333333333,0.999202742189256,9.16515138991168,0.0,0.6732504482262,0.9996547101482273,0.9996547101482273,0.6732504482262,0.4340397383368574,0.9862081183127639,0.8817800361858568,0.9987511827367779
0,633_19_4,0.8736691303356885,0.9991248028832782,5.196152422706632,0.0,0.9000888918705868,0.998921674168791,0.998921674168791,0.9000888918705868,0.6594910773763742,0.9847069092899685,0.8487561087475683,0.9993280142261994
0,104_19_4,0.834373747718064,0.9989517972712012,5.0990195135927845,0.0,0.8511782554188848,0.9988269981125805,0.9988269981125805,0.8511782554188848,0.61482092427551,0.9808641117028105,0.8182199245493922,0.9990766276199606
0,Patient_1000815,0.8882288744150816,0.9987296188329746,8.48528137423857,0.0,0.8932365794010344,0.9986659837059034,0.9986659837059034,0.8932365794010344,0.6083818967002173,0.9783470124268941,0.8832770052627927,0.9987932620702398
0,Patient_24717,0.5174851756119812,0.9992880415432863,11.045361017187261,0.0,0.677988047808765,0.9989391071500657,0.9989391071500657,0.677988047808765,0.3651445920942651,0.9873695677321992,0.41842881731005654,0.9996372197907208
0,Patient_716,0.784280205530679,0.9987490034809235,10.723805294763608,0.0,0.8429976404752458,0.9983457410263771,0.9983457410263771,0.8429976404752458,0.39793802210876233,0.9791380649505462,0.7332098361846645,0.9991525918472551
0,Patient_55314,0.7667753482751545,0.9976858204297103,13.30413469565007,0.0,0.7017507251215491,0.9986039645594947,0.9986039645594947,0.7017507251215491,0.35329608065204243,0.9682275927553389,0.8450810403317,0.996769363083311
0,Patient_130514,0.8177766530290889,0.9977960755146388,6.708203932499369,0.0,0.9381713781868622,0.9962498023486358,0.9962498023486358,0.9381713781868622,0.4243779340843071,0.9656358822855521,0.7247678224319251,0.9993471560642162
0,Patient_83714,0.864529280948851,0.9989271665410531,4.0,0.0,0.9496703675284611,0.998218439891694,0.998218439891694,0.9496703675284611,0.5108681338677921,0.9783448946158775,0.7933984850268849,0.9996369002852943
0,Patient_83217,0.9130118915611976,0.9988380093030763,4.123105625617661,0.0,0.898126864985498,0.9990591893315908,0.9990591893315908,0.898126864985498,0.6395201082031108,0.9794672247134861,0.9283986244794277,0.9986169271862321
0,Patient_60714,0.8122025434969181,0.9969868031377671,19.339079605813716,1.4142135623730951,0.7002727461748266,0.999550229916716,0.999550229916716,0.7002727461748266,0.3616291450438937,0.9558842122233503,0.9667206969911863,0.9944364909527708
0,374_19_4,0.8434700172245737,0.9973290694439666,8.06225774829855,1.4142135623730951,0.7808067636134407,0.9986966976428651,0.9986966976428651,0.7808067636134407,0.45421484355974356,0.959016879629633,0.9170689217145138,0.9959651818182336
0,1744_18,0.8775973310756116,0.997361495384891,7.0710678118654755,1.0,0.8570636171359848,0.9978768407353508,0.9978768407353508,0.8570636171359848,0.4533713756217822,0.9579674463506339,0.8991390984190518,0.9968466820514762
0,Patient_17416,0.8921625412598831,0.9991275751789633,3.605551275463989,0.0,0.9424279058795778,0.9986966392977472,0.9986966392977472,0.9424279058795778,0.6204036490827571,0.9836180252758326,0.8469875846351579,0.9995588831169037
0,Patient_132216,0.6495341119098993,0.9979596847771846,14.071247279470288,0.0,0.49182369662690856,0.9998261802754342,0.9998261802754342,0.49182369662690856,0.29524329944017763,0.9751923701564742,0.9561316051844466,0.9961001451158481
0,1686_18,0.7715740581455358,0.9962202859607124,15.394804318340652,1.7320508075688772,0.6799034677629624,0.9984478061996688,0.9984478061996688,0.6799034677629624,0.3769855632024885,0.953247992851208,0.8918166561945742,0.9940026827173766
0,855_19_4,0.696017732935871,0.9961658968007023,12.68857754044952,0.0,0.8661511604485128,0.993704007336877,0.993704007336877,0.8661511604485128,0.5274614413567277,0.9693992669252681,0.581748077775857,0.9986400151632454
0,Patient_39717,0.8274831604188507,0.9975605770716736,6.48074069840786,1.0,0.9054136012446272,0.9963479513981424,0.9963479513981424,0.9054136012446272,0.4300552314810263,0.9585278539220193,0.7619047619047619,0.9987761580438181
0,Patient_38614,0.5472663189059637,0.995458879129799,31.0,6.4031242374328485,0.3862109586424273,0.9996402102889633,0.9996402102889633,0.3862109586424273,0.2544906750463093,0.9461971236655495,0.9387297103832537,0.99131238191181
0,497_19_4,0.8939533941749047,0.9990532260322836,5.0,0.0,0.8888007953587295,0.9991049369845123,0.9991049369845123,0.8888007953587295,0.700981153201854,0.9854643019725512,0.8991660831370551,0.9990015204326143
0,1019_18,0.7835633269246084,0.9989292608061222,9.695359714832659,0.0,0.6613027114217682,0.9998437345790703,0.9998437345790703,0.6613027114217682,0.47452288163605905,0.983591901053249,0.9612840195394278,0.9980164582905757
0,Patient_33217,0.8176276413753223,0.9991482583069572,4.69041575982343,0.0,0.8642302304851649,0.9988966933990044,0.9988966933990044,0.8642302304851649,0.44621470165856497,0.9831344725399485,0.7757938775976773,0.9993999499564342
0,Patient_112916,0.8176595965897276,0.9976119376564241,7.810249675906654,1.4142135623730951,0.9341998455720762,0.995984697827638,0.995984697827638,0.9341998455720762,0.38288701221023164,0.9586333573573652,0.7269708968216063,0.999244503355578
0,Patient_84917,0.7155632894406496,0.998148021945954,6.6332495807108,0.0,0.8776173285198556,0.9969494117156913,0.9969494117156913,0.8776173285198556,0.5207642912319123,0.9740420898471215,0.6040281208436253,0.9993495177706485
0,1072_19,0.8690102044775541,0.9988556812746952,15.588457268119896,0.0,0.8812743464973833,0.9987342625876422,0.9987342625876422,0.8812743464973833,0.7170237458879328,0.9835874339459629,0.8570827221123796,0.9989771294877003
0,105_19,0.7592175035377176,0.9982530983417408,10.04987562112089,0.0,0.6382258359695678,0.9996279727440608,0.9996279727440608,0.6382258359695678,0.32746716086059574,0.9723726607073064,0.9368140302402334,0.9968820007111404
0,Patient_82916,0.8129696685289586,0.9983335696082604,5.830951894845301,0.0,0.8463478398647934,0.9979828888971228,0.9979828888971228,0.8463478398647934,0.44614707239441426,0.9708524412771963,0.7821243365261424,0.9986844968570701
0,1345_19_4,0.5181864806646835,0.9973549582707107,71.83313998427188,1.0,0.8932701488842523,0.9950611946012252,0.9950611946012252,0.8932701488842523,0.14881587393974063,0.9665406771382349,0.36494589166775027,0.9996593213043727
0,1220_19_4,0.9030705956076726,0.9992404541877378,4.47213595499958,0.0,0.8889771260830722,0.9993646050463771,0.9993646050463771,0.8889771260830722,0.7014822759672358,0.9877238973041881,0.9176181275250307,0.999116334171738
0,285_18_4,0.8400037641744695,0.9980727147210838,8.12403840463596,0.0,0.9863859881761423,0.9962917135549004,0.9962917135549004,0.9863859881761423,0.5410795591234709,0.9747544917243528,0.7314540910394559,0.9998600948334453
0,1776_18_4,0.9134736720070273,0.9977704968661149,4.358898943540674,1.0,0.9739981267621035,0.9961754684652514,0.9961754684652514,0.9739981267621035,0.6057333342684512,0.9637828143783739,0.8600311499015546,0.9993706412244152
0,Patient_43515,0.8255943780375673,0.9994030939760032,4.69041575982343,0.0,0.9657357968731994,0.9989069831420404,0.9989069831420404,0.9657357968731994,0.5277678501587754,0.9887679473042781,0.7209715809698604,0.9998996978453816
0,1112_19_4,0.625178931530609,0.9979801571967309,9.433981132056603,0.0,0.6742011087573805,0.9975892726686153,0.9975892726686153,0.6742011087573805,0.30311180774963337,0.9726171282375224,0.5828024857304268,0.998371348164801
0,75_19,0.7685743311886217,0.9994244795767727,8.54400374531753,0.0,0.7258848614072495,0.9995706689276831,0.9995706689276831,0.7258848614072495,0.5600774659091855,0.9901299173901097,0.8165987047253538,0.9992783329806206
0,745_18_4,0.7754035226218036,0.9988147343612692,6.324555320336759,0.0,0.8889269378470269,0.9981420296368327,0.9981420296368327,0.8889269378470269,0.4493860669012264,0.9780904105596464,0.6875922352139857,0.9994883464452303
0,1781_18,0.8579828974884568,0.9996148296049188,4.242640687119285,0.0,0.9786500401492608,0.9992806643082516,0.9992806643082516,0.9786500401492608,0.6443561672585736,0.9931347935084536,0.7638059426380595,0.9999492184700064
0,22_19_4,0.8694905798034419,0.9996584949137528,3.0,0.0,0.9840205935208121,0.9993541333166281,0.9993541333166281,0.9840205935208121,0.6397805345454345,0.9934493704008134,0.778841348556491,0.9999630419590593
0,Patient_90517,0.8312346307131349,0.9991035745766048,8.48528137423857,0.0,0.7902257154373237,0.9993790533858654,0.9993790533858654,0.7902257154373237,0.5428510788008744,0.9847091024489629,0.8767328503711653,0.9988282475969451
0,Patient_109414,0.8521678086895478,0.9983543626208767,7.211102550927978,0.0,0.9204800210998285,0.9975302715716775,0.9975302715716775,0.9204800210998285,0.4736075555284357,0.9734188630510934,0.7932945020599517,0.9991798164108127
0,Patient_713,0.8119781129923559,0.9984360227951259,5.477225575051661,0.0,0.8177405239840289,0.9983775026347089,0.9983775026347089,0.8177405239840289,0.49295633186329524,0.9732028971517844,0.80629634623163,0.9984945498162942
0,1032_19,0.7225594830118477,0.9987246752276433,16.30950643030009,0.0,0.5852101506740682,0.9998033243368674,0.9998033243368674,0.5852101506740682,0.4571686525543031,0.981680062449344,0.9441530194472876,0.9976483510357057
0,Patient_5117,0.7215082334652857,0.9973871724701896,11.661903789690601,1.0,0.8731170251549398,0.995764962173053,0.995764962173053,0.8731170251549398,0.3334266705171883,0.9613738867569347,0.6147606628745097,0.9990146769089233
0,Patient_105914,0.9048303622771708,0.9987606127427119,5.0,0.0,0.8818644226115163,0.9990994566888496,0.9990994566888496,0.8818644226115163,0.6249054532250328,0.9784467540552569,0.9290244666100103,0.9984219985560697
0,582_19_4,0.9358392127386765,0.9988416907848052,4.123105625617661,0.0,0.9245567945685884,0.9990617886214098,0.9990617886214098,0.9245567945685884,0.7838960672879177,0.9845278000834822,0.9474003926107335,0.9986216899039413
0,1029_18_4,0.8157776297549822,0.9994251269897457,5.0,0.0,0.8465792325225124,0.999311668704024,0.999311668704024,0.8465792325225124,0.4435884735338548,0.9886275616258244,0.7871386881600889,0.9995386110416917
0,454_19,0.5716804318049283,0.9982239043478325,13.96424004376894,0.0,0.42937174054758803,0.9995976984567478,0.9995976984567478,0.42937174054758803,0.1961277073528477,0.9762208024875947,0.8550853990019879,0.9968538811959676
0,Patient_24117,0.8265067942546659,0.9989909732863375,7.3484692283495345,0.0,0.9571752248917603,0.9981984421995891,0.9981984421995891,0.9571752248917603,0.49070027686603007,0.9843983157483035,0.7272293427870193,0.9997847638513312
0,Patient_15215,0.618821142792742,0.9990505644203915,10.723805294763608,0.0,0.9992720390187086,0.9981040496561522,0.9981040496561522,0.9992720390187086,0.06400902128454371,0.9834766954098056,0.44818466762439596,0.9999988760726201
0,423_18,0.8998244674722639,0.9991653136872687,3.605551275463989,0.0,0.9037136867325547,0.999129486313352,0.999129486313352,0.9037136867325547,0.7306669955607956,0.9868415830821401,0.8959685800278029,0.9992011436307158
0,1159_18_4,0.9330766161367677,0.999018347050998,3.3166247903554,0.0,0.9247189630812703,0.9991508073411347,0.9991508073411347,0.9247189630812703,0.7538477409055653,0.9847452979038298,0.941586720771859,0.9988859218774876
0,Patient_127515,0.7212020607739084,0.9963213819574425,48.010415536631214,1.7320508075688772,0.8689236380970146,0.9940914900177196,0.9940914900177196,0.8689236380970146,0.2691325824379205,0.9507272032767119,0.6164092536369852,0.9985613003324512
0,608_18_4,0.8479123370489325,0.9992752364034799,8.306623862918075,0.0,0.8227314390467461,0.9994210050020486,0.9994210050020486,0.8227314390467461,0.6106396350638849,0.9880740276120002,0.8746832976028065,0.9991295103202988
0,Patient_108314,0.7802699410657381,0.9979812864040165,9.433981132056603,0.0,0.6670312910859848,0.9995402428980208,0.9995402428980208,0.6670312910859848,0.3477872128451626,0.9692974197695137,0.9398183138457891,0.9964271852637108
0,Patient_1000314,0.8355602656663034,0.9968832198670452,19.519221295943137,2.0,0.7558034401246201,0.9988811127393274,0.9988811127393274,0.7558034401246201,0.3863837863276597,0.9519363024298145,0.9341357675633465,0.9948933031355488
0,1746_18_4,0.9027502338634238,0.9997080193567776,2.8284271247461903,0.0,0.9129299579975025,0.9996745519022312,0.9996745519022312,0.9129299579975025,0.7528880946457571,0.9952180787467071,0.8927950264589424,0.9997414890522692
0,1799_18,0.881727339197483,0.9993990678910312,5.744562646538029,0.0,0.8935066684628856,0.9993321297485147,0.9993321297485147,0.8935066684628856,0.6867852875307185,0.9898080928848577,0.8702545486354094,0.9994660150015672
0,746_19_4,0.8966085075487092,0.999220590934603,3.1622776601683795,0.0,0.9947516152070288,0.9984779749545293,0.9984779749545293,0.9947516152070288,0.6776915976603414,0.9867014712958216,0.8160921106417768,0.9999643123751356
0,971_18_4,0.8983373843186927,0.9994986033325404,3.7416573867739413,0.0,0.8750611355653373,0.9996297429544778,0.9996297429544778,0.8750611355653373,0.697760037835575,0.991491122383803,0.922885747110267,0.9993674981140301
0,Patient_104316,0.5764768914079463,0.9957521161783244,33.61547262794322,1.4142135623730951,0.9219127674158519,0.9920239497903762,0.9920239497903762,0.9219127674158519,0.2886149284281874,0.960878886855006,0.4193490158110226,0.9995084102277472
0,Patient_129415,0.775607264730663,0.9960692584142197,12.449899597988733,2.449489742783178,0.6589356386389263,0.9991682942566917,0.9991682942566917,0.6589356386389263,0.27030208576966763,0.9441625898010501,0.9424842078632587,0.992989387165593
0,Patient_30614,0.8728158094662749,0.9992170396955521,4.123105625617661,0.0,0.8795867539894844,0.9991696900818646,0.9991696900818646,0.8795867539894844,0.6380217239672538,0.9861076780139334,0.8661483123206046,0.9992643937971503
0,Patient_144116,0.8745275769598695,0.9995503093962405,3.605551275463989,0.0,0.897887550718104,0.9994571170826484,0.9994571170826484,0.897887550718104,0.6452785468304373,0.9916474486723796,0.8523522758536362,0.9996435190905026
0,204_19_4,0.8213120380004031,0.9981438312109211,8.06225774829855,1.0,0.9426084999437339,0.9968113780897722,0.9968113780897722,0.9426084999437339,0.5353313841251562,0.9711691568542661,0.7276737451737452,0.9994798513213363
0,1258_18,0.9365538437290674,0.9995458879621955,2.23606797749979,0.0,0.9583111584175981,0.9993834869935043,0.9993834869935043,0.9583111584175981,0.8074186173217952,0.9933070465333523,0.915762544692393,0.9997083417201543
0,Patient_40714,0.87631900176319,0.9989701014312868,5.0,0.0,0.8174882332101827,0.9995691021005397,0.9995691021005397,0.8174882332101827,0.5604627925167308,0.9818774861661496,0.9442739389687829,0.9983718182450266
0,409_19_4,0.8862104253023226,0.9983767551473426,9.0,1.0,0.8197133091723386,0.9995334524383082,0.9995334524383082,0.8197133091723386,0.5341053284098254,0.9714087933731014,0.964448835617032,0.9972227319081267
0,142_19_4,0.8957271452718196,0.998186285648387,5.477225575051661,1.0,0.8628715683180814,0.9988478314166633,0.9988478314166633,0.8628715683180814,0.5970480220607934,0.9706260370604489,0.9311838502717502,0.9975256155953635
0,Patient_158716,0.687009664237471,0.997081916280662,12.84523257866513,1.4142135623730951,0.8956637210111134,0.9949210033500125,0.9949210033500125,0.8956637210111134,0.39812305887567473,0.9619657993188999,0.5572034106666929,0.9992522364079521
0,688_18,0.7577517348372084,0.9986988053670703,18.027756377319946,0.0,0.9875679663378781,0.9974520325874404,0.9974520325874404,0.9875679663378781,0.3517625489841754,0.9786485420051024,0.6147043317063215,0.9999486988737768
0,214_17,0.8362843465145255,0.9994388312584813,6.082762530298219,0.0,0.8202810922072492,0.9995056709033825,0.9995056709033825,0.8202810922072492,0.6034439614444123,0.9903026726511032,0.8529244557402267,0.9993720005524777
0,Patient_108816,0.8588272676721252,0.9985927412371275,6.708203932499369,0.0,0.7912985288428361,0.9994429575512143,0.9994429575512143,0.7912985288428361,0.48207437653108665,0.9747388964296888,0.9389570590205834,0.9977439702348746
0,1034_18_4,0.89810596504766,0.9988331716404574,7.483314773547883,0.0,0.913317303339135,0.9986427071191218,0.9986427071191218,0.913317303339135,0.6564054418971099,0.9798395006115665,0.8833930170098478,0.99902370882773
0,Patient_113016,0.8201266800904696,0.9981960780720169,5.744562646538029,1.0,0.8145081783553664,0.9982651373385799,0.9982651373385799,0.8145081783553664,0.43130910402308137,0.9681057821032736,0.825823233413224,0.9981270283597341
0,558_18_4,0.9261027923917442,0.9995369348944663,2.8284271247461903,0.0,0.916924885137301,0.9995996323651245,0.9995996323651245,0.916924885137301,0.7867122927394995,0.9930357942065495,0.9354662887665558,0.9994742452884094
0,1702_18,0.80559503811862,0.9996623851251083,5.477225575051661,0.0,0.8139033942558747,0.9996446635579871,0.9996446635579871,0.8139033942558747,0.5747872603019973,0.9935097555219334,0.7974545919672551,0.9996801073205718
0,Patient_133916,0.5526311878613146,0.996602642835321,18.35755975068582,0.0,0.887218762675065,0.9937566445163096,0.9937566445163096,0.887218762675065,0.3433237934151373,0.9706553191787826,0.4012949873199158,0.9994649891600036
0,1668_18_4,0.8014966217783206,0.9992783560029073,7.810249675906654,0.0,0.7269667648296172,0.9996509357205552,0.9996509357205552,0.7269667648296172,0.5628968219910149,0.9892184791368531,0.8930540242557883,0.9989060539100229
0,1275_19_4,0.8040551172252568,0.9995105974433502,4.47213595499958,0.0,0.8302771459078038,0.9994317607031032,0.9994317607031032,0.8302771459078038,0.6781594508095284,0.9913089080714955,0.7794386821232459,0.9995894466221092
0,518_19,0.7689862203727891,0.9987150586710282,12.96148139681572,0.0,0.9140271493212669,0.9978343437853487,0.9978343437853487,0.9140271493212669,0.5917033202299102,0.9860553128202713,0.6636724279547719,0.9995973296144567
0,18_19_4,0.8421242521121256,0.9991128178808788,14.730919862656235,0.0,0.7533305839952663,0.9997750283496966,0.9997750283496966,0.7533305839952663,0.5832590616217439,0.9840543822204695,0.9546466712110884,0.9984514840741604
0,660_18_4,0.8074045985728567,0.9993721760141122,9.848857801796104,0.0,0.7085337447439272,0.9998269803415266,0.9998269803415266,0.7085337447439272,0.5160233392694128,0.9887950777366235,0.9383438163535115,0.9989177852641103
0,423_19,0.7673597489211456,0.9988318089063384,7.810249675906654,0.0,0.7165285104245165,0.9991877460803934,0.9991877460803934,0.7165285104245165,0.5493753430476165,0.9836709094015818,0.8259537195666337,0.9984761252305027
0,Patient_65516,0.7938574139985796,0.9970822050516991,8.94427190999916,1.4142135623730951,0.7281433335050901,0.9983575119120479,0.9983575119120479,0.7281433335050901,0.298647080586864,0.9576866455973486,0.8726093860268173,0.9958101522013377
0,Patient_84116,0.8058322305031228,0.9990587431818532,5.385164807134504,0.0,0.8664220275094237,0.9987201760227706,0.9987201760227706,0.8664220275094237,0.4743416040381399,0.9836019964897516,0.7531627715209513,0.9993975399680046
0,Patient_115615,0.6379985791129605,0.9979913805288704,12.0,0.0,0.5851438145769338,0.9984918221580669,0.9984918221580669,0.5851438145769338,0.2573615333781942,0.9750506908300008,0.7013499944215107,0.9974914402885902
0,1164_18,0.8763932456784356,0.9995837282707618,3.0,0.0,0.948531801928703,0.9993277764501091,0.9993277764501091,0.948531801928703,0.611887820595422,0.9916616887944117,0.8144518530004652,0.9998398112358086
0,197_19_,0.8035219646851649,0.9988371886679835,65.37583651472461,0.0,0.801424095699231,0.9988526630262407,0.9988526630262407,0.801424095699231,0.5561373536159715,0.9824149391503598,0.8056308455812178,0.9988217147891807
0,1258_19_4,0.7601828339258507,0.9970553436877991,8.246211251235321,1.0,0.8806024431465674,0.9953840132009525,0.9953840132009525,0.8806024431465674,0.2860847556879232,0.9538890685322259,0.6687353782167923,0.9987322962133794
0,1043_18_4,0.9318852432202558,0.9994119127353288,2.8284271247461903,0.0,0.9224402564600739,0.9995002708796216,0.9995002708796216,0.9224402564600739,0.7973960565084515,0.9913555843088008,0.9415256478053939,0.9993235702117853
0,Patient_154816,0.8600204708290686,0.9992298812386321,4.123105625617661,0.0,0.8722878558229347,0.9991525745348704,0.9991525745348704,0.8722878558229347,0.5541266606656643,0.9848415751271494,0.8480933443688556,0.9993071999061098
0,Patient_76516,0.911580135268058,0.9986818013214498,3.3166247903554,0.0,0.9620184918444368,0.9979017982039202,0.9979017982039202,0.9620184918444368,0.5762802626331704,0.9750011955504742,0.866167232997399,0.9994630247610432
0,Patient_69516,0.8952679286723736,0.9993443189079548,3.1622776601683795,0.0,0.9584096209069709,0.998932302912322,0.998932302912322,0.9584096209069709,0.6516873595525983,0.9881591338412727,0.8399317636726007,0.9997566749210772
0,606_19_4,0.9025114731698624,0.9992591981485822,4.58257569495584,0.0,0.8690683904922628,0.9995514828386022,0.9995514828386022,0.8690683904922628,0.698622962916489,0.9876169786792544,0.9386314488724127,0.9989670843459404
0,705_18_4,0.6151649148242117,0.993960443911013,16.431676725154983,3.7416573867739413,0.9293427075804367,0.9887147738416868,0.9887147738416868,0.9293427075804367,0.1825808452540025,0.9436450233944603,0.45974234232281974,0.9992620731444262
0,Patient_69515,0.8048020316287661,0.9962353886482146,8.831760866327848,2.23606797749979,0.7357574642414534,0.9980416823597807,0.9980416823597807,0.7357574642414534,0.24869633889651485,0.9454305565612031,0.8881470642034023,0.9944356213227602
0,8_19,0.8446337280786902,0.997818471178423,7.810249675906654,1.0,0.7854327451068888,0.9988756185576037,0.9988756185576037,0.7854327451068888,0.4264480786458598,0.9666041625665762,0.9134866061274124,0.9967635590706916
0,Patient_17717,0.8868594417902942,0.9980779400520284,4.58257569495584,1.0,0.857609710550887,0.9986565647447576,0.9986565647447576,0.857609710550887,0.48617264935403626,0.9645699846216363,0.9181748130870316,0.9974999854848884
0,Patient_161316,0.8676839724631558,0.9994009741258852,4.123105625617661,0.0,0.8570762243770713,0.9994569757962658,0.9994569757962658,0.8570762243770713,0.6319217250535866,0.9889339455867059,0.8785575882634188,0.9993449787309351
0,Patient_53915,0.7543514188262597,0.9960242686925103,10.0,2.23606797749979,0.9559138060100524,0.9926367330974838,0.9926367330974838,0.9559138060100524,0.23937399260499034,0.9427289782928229,0.6229889997560664,0.9994350045032894
0,Patient_50815,0.8182889635564745,0.9980098003968849,7.280109889280518,0.0,0.7753776523834714,0.9986151021955553,0.9986151021955553,0.7753776523834714,0.33982467334043537,0.9668452465941548,0.8662281661778225,0.9974052319504679
0,138_19_4,0.9076760256490071,0.9994989758227962,3.605551275463989,0.0,0.9214434683688302,0.9994179402110076,0.9994179402110076,0.9214434683688302,0.7334707180888717,0.9919208870992403,0.8943139299515427,0.9995800245768401
0,555_19_4,0.8015943036857893,0.9989236841679994,12.36931687685298,0.0,0.6844390875090841,0.9998521120751505,0.9998521120751505,0.6844390875090841,0.48476367475754756,0.9836941208493551,0.9671392075339378,0.9979969788730382
0,195_19_4,0.6218993226540421,0.9967428461716566,13.0,1.0,0.8320670959591528,0.994578743991522,0.994578743991522,0.8320670959591528,0.4180121045951643,0.9638929378197385,0.4964926607617731,0.9989163866209355
0,1229_19_4,0.6050480645658767,0.9978368391667537,12.569805089976535,0.0,0.6615481463162391,0.9973702994567132,0.9973702994567132,0.6615481463162391,0.357416045733435,0.972538137707013,0.5574394725874284,0.9983038155474335
0,1573_18_4,0.9073761062062857,0.9979773271796467,5.0,1.0,0.86295914145719,0.9991003028285347,0.9991003028285347,0.86295914145719,0.5996347164239891,0.966931409024756,0.9566135110344903,0.996856873116359
0,Patient_41813,0.8517949153720771,0.9989177251683082,5.0,0.0,0.7679728092047529,0.9997145506131234,0.9997145506131234,0.7679728092047529,0.43758161392601874,0.9781486477370018,0.9561567811307665,0.9981221689360272
0,Patient_65914,0.7040104462634055,0.9986225961190868,15.0,0.0,0.9332307593678879,0.9974824664545231,0.9974824664545231,0.9332307593678879,0.2895177183805452,0.9775278393967948,0.5651886938965678,0.9997653351190245
0,Patient_12417,0.8682434173236461,0.9995689911645718,4.0,0.0,0.9488324949320519,0.9992913444032497,0.9992913444032497,0.9488324949320519,0.661805166042929,0.9925013403369403,0.8002722983883734,0.9998467922535555
0,Patient_50214,0.6499267562575632,0.9975199645896153,17.916472867168917,0.0,0.5610567407081593,0.9986405801395963,0.9986405801395963,0.5610567407081593,0.28681916844497324,0.9691864287809921,0.7722491297109126,0.9964018611979705
0,1635_18,0.9065494389747941,0.9992789777195311,3.1622776601683795,0.0,0.9103048108703635,0.9992471719568732,0.9992471719568732,0.9103048108703635,0.7183478725647435,0.9879204776340853,0.902824924605545,0.9993107855069908
0,Patient_107414,0.8479395099504031,0.9981948272947553,6.164414002968976,1.0,0.8152088113813676,0.998670831892324,0.998670831892324,0.8152088113813676,0.488994896901101,0.9686277348525493,0.8834084285700077,0.9977192762448908
0,1146_19_4,0.9071059457913765,0.9984462124035843,4.242640687119285,0.0,0.98444634914067,0.9971359071917014,0.9971359071917014,0.98444634914067,0.6677965594290515,0.9766056498045274,0.8410324714675286,0.9997599658090965
0,Patient_2514,0.7075228717002077,0.9973496874853248,15.033296378372908,0.0,0.7775158310260698,0.9965367753196428,0.9965367753196428,0.7775158310260698,0.3520420179503626,0.9639471190327469,0.6490908882862472,0.9981639269792222
0,729_18_4,0.8894698968577597,0.9994814495555523,3.4641016151377544,0.0,0.9356108391784831,0.9992502558963031,0.9992502558963031,0.9356108391784831,0.6930091421542278,0.9911829371603929,0.8476660723266127,0.9997127502207839
0,Patient_140915,0.5895634478414652,0.9947143256404472,32.78719262151,3.605551275463989,0.8362364113457453,0.9909499015028306,0.9909499015028306,0.8362364113457453,0.2623819482328833,0.9486802295049489,0.45526840318641626,0.998507459457071
0,1266_19_4,0.7329654371187917,0.9987065223966899,8.0,0.0,0.6073587739227541,0.9997079786058277,0.9997079786058277,0.6073587739227541,0.3073024510007918,0.9791624122854873,0.9240706564724492,0.9977070705946336
0,Patient_75116,0.8137854450474686,0.9986568236259151,5.916079783099616,0.0,0.7207308289007093,0.999587728189229,0.999587728189229,0.7207308289007093,0.3248312670177351,0.9751569760342025,0.9344312345102547,0.9977276513308022
0,Patient_101916,0.8600806429905737,0.9985291090790319,5.0990195135927845,0.0,0.8947167993907015,0.9981229176134953,0.9981229176134953,0.8947167993907015,0.5044679254541187,0.9740307999425487,0.8280262039513236,0.9989356312827478
0,309_19_4,0.8742608897284985,0.998958912769968,4.242640687119285,0.0,0.9048761894005704,0.9986791486125471,0.9986791486125471,0.9048761894005704,0.6607269194086047,0.9826947346299515,0.8456494491721089,0.9992388337143119
0,Patient_92114,0.8558363644952525,0.9991403455350109,4.358898943540674,0.0,0.931092609723507,0.9986590242196646,0.9986590242196646,0.931092609723507,0.5076569980316302,0.9835193381294932,0.7918356643356643,0.9996221310366596
0,Patient_59315,0.7201972656556105,0.9969680008862932,10.198039027185569,0.0,0.9621848739495799,0.9942583647777722,0.9942583647777722,0.9621848739495799,0.272847727141584,0.9622999660286663,0.575468153850007,0.9996924464088719
0,Patient_89015,0.8531433445386584,0.997668653395586,5.0,1.0,0.903040786598689,0.9967942946220364,0.9967942946220364,0.903040786598689,0.4146410737042333,0.9588476698542683,0.8084713297922921,0.9985445474396676
0,713_18_4,0.9200532592335302,0.997937251922746,4.47213595499958,1.0,0.9285255243513862,0.9977023686325647,0.9977023686325647,0.9285255243513862,0.6452032801594902,0.9668392869014616,0.911734205312187,0.9981722458333951
0,Patient_146716,0.77384332590246,0.9983690914254755,7.615773105863909,0.0,0.9535246833857008,0.9970142369590868,0.9970142369590868,0.9535246833857008,0.4463076670372946,0.9728931587640912,0.6511425863521483,0.9997276331581268
0,1464_18_4,0.7826385488600357,0.9978153465835751,19.0,1.0,0.8943340407743263,0.9965643927773833,0.9965643927773833,0.8943340407743263,0.437605195319732,0.9650992757865132,0.6957452769772654,0.9990694448975449
0,831_19_4,0.6782619460262441,0.998831343905047,6.4031242374328485,0.0,0.8069813682892703,0.9982529742691759,0.9982529742691759,0.8069813682892703,0.4917263328882837,0.9825918897427101,0.5849570277051193,0.9994103841231584
0,634_19_4,0.7068277670124244,0.9991331974264187,8.12403840463596,0.0,0.7838783077700995,0.9988429144315962,0.9988429144315962,0.7838783077700995,0.42576629546611877,0.9840954985585894,0.6435688092437556,0.9994236491939517
0,Patient_57713,0.8583410887415034,0.999323340074423,4.242640687119285,0.0,0.9441751976156537,0.9988895782230889,0.9988895782230889,0.9441751976156537,0.5652803285627189,0.9878000096522491,0.7868126646797114,0.9997574788064174
0,1394_19_4,0.8128538638102525,0.9997256288047129,3.605551275463989,0.0,0.9153097268889463,0.9995615940212595,0.9995615940212595,0.9153097268889463,0.5830632098068754,0.9945096530005331,0.7310259409619486,0.9998897174354267
0,Patient_138516,0.5737559596540406,0.9990013057516111,15.556349186104045,0.0,0.8859785423603403,0.9981771240851266,0.9981771240851266,0.8859785423603403,0.2875350437518185,0.9849844157670993,0.42424886621315194,0.999826849574641
0,1463_18_4,0.8972900271855774,0.9979497959335221,5.0990195135927845,1.0,0.8240726626683977,0.9997228119684345,0.9997228119684345,0.8240726626683977,0.5646192363824811,0.9654998618173126,0.9847865277228158,0.9961830576798487
0,1750_18_4,0.8258404965636075,0.9979844452516684,8.18535277187245,1.0,0.9344832552317015,0.9966434831194833,0.9966434831194833,0.9344832552317015,0.6316867544964683,0.9742116970876517,0.7398282712227124,0.9993290207162868
0,32_19_4,0.7491017751058304,0.9984100143173105,15.588457268119896,1.0,0.7071663644301162,0.9987853562586627,0.9987853562586627,0.7071663644301162,0.45340604575959803,0.9726744420304083,0.7963243079715625,0.998034954375787
0,Patient_119115,0.8232541919734968,0.9993161366013203,5.477225575051661,0.0,0.8207022423083609,0.9993281596567014,0.9993281596567014,0.8207022423083609,0.5075094602182293,0.9871078323135015,0.8258220615671642,0.9993041138352379
0,Patient_80117,0.669629366278553,0.9993743213187428,5.0990195135927845,0.0,0.8852420491931694,0.9989135450623057,0.9989135450623057,0.8852420491931694,0.4434984392885203,0.9879564778951991,0.5384761995521037,0.999835522862715
0,Patient_45217,0.8307280579040205,0.9993742635004954,5.656854249492381,0.0,0.9606470898540531,0.998874888828836,0.998874888828836,0.9606470898540531,0.5277942183688678,0.9886231761881297,0.7317635082643521,0.9998741377338111
0,299_19,0.8693147999019643,0.9991584823959928,4.242640687119285,0.0,0.9171283983451537,0.9988231722489074,0.9988231722489074,0.9171283983451537,0.6093792161985789,0.9851689729816079,0.8262396006655573,0.9994940177494108
0,Patient_136915,0.8350170521885658,0.998845982642988,5.0990195135927845,0.0,0.8356840848207081,0.9988404059808478,0.9988404059808478,0.8356840848207081,0.5050065670100771,0.9785414832708046,0.8343510835414485,0.9988515593673989
0,Patient_71915,0.8142610263731309,0.9986051951964999,6.782329983125268,0.0,0.7315179825035101,0.9994541405803165,0.9994541405803165,0.7315179825035101,0.4059466870342399,0.9750446572186682,0.9181097292351486,0.997757690792472
0,Patient_1001316,0.8734039378896911,0.9981435898502455,7.874007874011811,1.0,0.8803118360204975,0.9980287464159026,0.9980287464159026,0.8803118360204975,0.511609496894602,0.9671742926849797,0.8666036096308087,0.9982584597177595
0,Patient_90014,0.7818745863982893,0.9967590582029906,9.643650760992955,1.4142135623730951,0.696878366768039,0.9985686704521152,0.9985686704521152,0.696878366768039,0.29315161747460794,0.9550776921601355,0.8904843642447002,0.9949559928702651
0,1216_18,0.8039186314748794,0.999264162014323,8.06225774829855,0.0,0.8484522717930881,0.9990673727371818,0.9990673727371818,0.8484522717930881,0.5751494790596162,0.9863988689331902,0.7638268196180011,0.999461028831078
0,1685_18_4,0.8174806017661193,0.998654354184224,7.3484692283495345,0.0,0.7439104215701294,0.9993830308878631,0.9993830308878631,0.7439104215701294,0.4910866358734089,0.9774969073658517,0.9071995108612578,0.9979267393014483
0,Patient_49617,0.8615416388025648,0.9984048837589772,5.0990195135927845,0.0,0.941918350231703,0.9974243329904167,0.9974243329904167,0.941918350231703,0.4923500505123277,0.9717384395305273,0.7938039706055581,0.9993873643500262
0,Patient_62615,0.8058945706095405,0.9987251039855383,7.280109889280518,0.0,0.9545778012727976,0.9977044239114288,0.9977044239114288,0.9545778012727976,0.3906314003817897,0.9770475501507123,0.6972865396325615,0.9997478745679361
0,923_18,0.7134677981864682,0.9988914490343159,11.916375287812984,0.0,0.6316155093009493,0.9993925166830105,0.9993925166830105,0.6316155093009493,0.4500368278417314,0.9854388653679694,0.8196934789141541,0.9983908835766394
0,1539_18,0.5206976085461094,0.9986695924774749,21.93171219946131,0.0,0.3637905688114893,0.9998666311016271,0.9998666311016271,0.3637905688114893,0.19101358800029594,0.9795036535794486,0.9156112138892842,0.9974754166112292
0,Patient_18215,0.7440873524601035,0.999023675160586,92.31467922275417,0.0,0.9105925632055397,0.9983272423216681,0.9983272423216681,0.9105925632055397,0.39149116498163916,0.982860551094089,0.6290611919473789,0.9997210803405633
0,Patient_125416,0.8281269536528013,0.9975799160691518,8.0,1.0,0.7248413129893879,0.9995854943037334,0.9995854943037334,0.7248413129893879,0.4093665509843923,0.9632455188708654,0.9657391206186149,0.9955823697433306
0,Patient_110816,0.8339404639520851,0.9983186076202002,5.744562646538029,0.0,0.8314783248103212,0.9983485405413723,0.9983485405413723,0.8314783248103212,0.4455561084463565,0.9703348596805973,0.8364172279691124,0.998288676493898
0,Patient_102117,0.7659085165529441,0.9968454892505525,12.041594578792296,1.7320508075688772,0.6727065560792264,0.9987100872834873,0.9987100872834873,0.6727065560792264,0.36053507291301196,0.9555847081339983,0.8890898956611873,0.9949878406755153
0,Patient_129316,0.8419834207538673,0.9971592868822655,7.0710678118654755,2.0,0.7438017918074395,0.9995311743351436,0.9995311743351436,0.7438017918074395,0.29860266367739025,0.9517493107487085,0.9700266705637354,0.9947986297575572
0,573_18_4,0.8976605690623065,0.9989145718586483,4.47213595499958,0.0,0.889421145020409,0.9990127282323047,0.9990127282323047,0.889421145020409,0.6606450669007458,0.9825066397972406,0.9060540773456857,0.9988164347714872
0,1326_18,0.8145596449313492,0.9967670142576956,6.708203932499369,2.449489742783178,0.6903074988505492,0.9999047725636152,0.9999047725636152,0.6903074988505492,0.21453065453694378,0.948595094922408,0.9933597984822397,0.9936488872772351
0,Patient_136415,0.8505878495479882,0.9991014270739814,5.385164807134504,0.0,0.8141094613011979,0.9993707336008646,0.9993707336008646,0.8141094613011979,0.5754966197071287,0.9838761642945731,0.890488613404994,0.9988322656513409
0,1056_18_4,0.8632537601766248,0.9995545572924275,7.615773105863909,0.0,0.8110718568696723,0.9997640816769691,0.9997640816769691,0.8110718568696723,0.6745318918315025,0.9931263370352076,0.922611805478745,0.9993451207111389
0,1151_19_4,0.9178441096659493,0.9989038008644968,3.7416573867739413,0.0,0.9013591519292941,0.9991476214517387,0.9991476214517387,0.9013591519292941,0.7098505978651456,0.9829665176208567,0.9349432876688589,0.9986600992466123
0,946_18,0.687036496350365,0.9975802246176421,15.7797338380595,0.0,0.536459698838442,0.9997498946016712,0.9997498946016712,0.536459698838442,0.3646595617647791,0.9726194000032573,0.9551275546445315,0.99541995153134
0,Patient_71212,0.8990417943518344,0.9991196865331585,3.3166247903554,0.0,0.9099779666351905,0.9990149972570402,0.9990149972570402,0.9099779666351905,0.6655171884171601,0.9848510612023564,0.8883653636864141,0.9992243977528777
0,1230_19_4,0.7431708250687268,0.9983359498636271,6.4031242374328485,0.0,0.9441423519009726,0.9969609670868064,0.9969609670868064,0.9441423519009726,0.4359219885722419,0.9754656558106681,0.6127417226143341,0.9997147305597964
0,Patient_48517,0.8092358582457884,0.9983516382025203,6.708203932499369,0.0,0.7193547262351669,0.9994306691537475,0.9994306691537475,0.7193547262351669,0.34256063089621985,0.9699981748441276,0.9247848434138178,0.9972749346805895
0,1214_18,0.9221275511648315,0.9993788206986608,2.8284271247461903,0.0,0.9468941662064355,0.9991703534204127,0.9991703534204127,0.9468941662064355,0.7974236316678927,0.9909462876310323,0.8986234862486552,0.9995873749844447
0,Patient_88917,0.500221467591909,0.9994306357015468,23.15167380558045,0.0,0.9692923898531375,0.9988799426007007,0.9988799426007007,0.9692923898531375,0.2937162139253175,0.9920107768726405,0.3370920668612364,0.9999819363432247
0,1541_18_4,0.8619031787842365,0.9993925005543433,7.0710678118654755,0.0,0.7878950813540303,0.999805632362223,0.999805632362223,0.7878950813540303,0.6363436532487098,0.9901599731781133,0.9512559977420265,0.9989797100275848
0,1470_18_4,0.7754296401907127,0.9966698652873723,9.486832980505138,1.4142135623730951,0.8394964398931138,0.9955432291894929,0.9955432291894929,0.8394964398931138,0.38880601193952613,0.9549327846324555,0.7204481034654664,0.9977990542567663
0,Patient_111016,0.7714125523564527,0.9992210328109162,7.483314773547883,0.0,0.6408921525646646,0.9999149750143508,0.9999149750143508,0.6408921525646646,0.4410330168203978,0.9867449804696301,0.9686904663298269,0.9985280531329467
0,Patient_48417,0.8248063320983496,0.9988269877387914,4.898979485566356,0.0,0.834275883214663,0.9987510843591384,0.9987510843591384,0.834275883214663,0.3967460579984161,0.9772472565985381,0.8155493389282978,0.9989029026563762
0,Patient_97416,0.800695320134291,0.9964778720440362,8.660254037844387,1.7320508075688772,0.917392750249418,0.9942428279871279,0.9942428279871279,0.917392750249418,0.32011809525225166,0.9475619697621893,0.7103365797273945,0.9987229874371119
0,1184_18,0.682265590409046,0.9994766820599217,14.071247279470288,0.0,0.6606860158311345,0.9995304526952128,0.9995304526952128,0.6606860158311345,0.35075512393959707,0.9899084480699624,0.7053024434898951,0.9994229172095983
0,10_19_4,0.9069628319504773,0.9991917394278184,3.1622776601683795,0.0,0.8770120724346077,0.9994882736922047,0.9994882736922047,0.8770120724346077,0.6498286178984847,0.9852799020816938,0.9390316152313244,0.9988953810664248
0,90_19,0.709442750207929,0.9985252021789025,9.273618495495704,0.0,0.6842285396479069,0.9987120057748621,0.9987120057748621,0.6842285396479069,0.48470247922280596,0.9746339369758332,0.7365863768249435,0.9983384684510479
0,575_18_4,0.7581297340395239,0.9997619186564566,5.916079783099616,0.0,0.6285174693106704,0.999964900122345,0.999964900122345,0.6285174693106704,0.5319859321574993,0.9954834335281739,0.955086813029129,0.9995590195796876
0,1770_18_4,0.8290640440806881,0.9979570548538252,12.328828005937952,1.0,0.8586315954897261,0.9975465059207893,0.9975465059207893,0.8586315954897261,0.4985842955878392,0.967466792101198,0.801465060417698,0.9983679418559585
0,255_18,0.7968488609058004,0.9996252620822961,6.324555320336759,0.0,0.687900430627035,0.9999173865226438,0.9999173865226438,0.687900430627035,0.5310994084164622,0.9928078341245723,0.9468015901698591,0.9993333082795752
0,Patient_66615,0.8484461591863931,0.9978424188129492,5.0,1.0,0.9102707885657537,0.996878515769658,0.996878515769658,0.9102707885657537,0.44033796458509006,0.959967190698501,0.7944855413584399,0.9988081876970766
0,Patient_136715,0.8803349294511081,0.9981336943279904,5.385164807134504,1.0,0.8857910303172635,0.9980378175380735,0.9980378175380735,0.8857910303172635,0.5513162008617715,0.9689072242061422,0.8749456316873024,0.9982295895405396
0,Patient_108316,0.8575742397137746,0.9965755086240269,8.602325267042627,2.0,0.8272239503764104,0.9974554237072543,0.9974554237072543,0.8272239503764104,0.41406566484774915,0.9482820981694672,0.8902364138778016,0.9956971446239348
0,Patient_122315,0.8004497372234916,0.9978093782571492,7.0,1.0,0.6909447066156175,0.9995484187851433,0.9995484187851433,0.6909447066156175,0.2640439556595818,0.9622765126912611,0.9512018729851314,0.9960763784758556
0,377_19_4,0.6249086559540934,0.9972490686983644,58.27520913733386,0.0,0.6244619358012544,0.9972543008243755,0.9972543008243755,0.6244619358012544,0.44614765405120493,0.9715316086560744,0.6253560157031791,0.9972438366272539
0,1566_18,0.5595253594212063,0.9986696612722685,9.0,0.0,0.7208165612420931,0.9979952020470787,0.9979952020470787,0.7208165612420931,0.4490058564549334,0.9814481887101062,0.45721754460621905,0.9993450327320623
0,925_18_4,0.7991615337482666,0.9982408293789798,8.602325267042627,0.0,0.7418632499101904,0.9989166136204575,0.9989166136204575,0.7418632499101904,0.4441333815639877,0.9753190168920935,0.8660515831411197,0.9975659588786271
0,747_19_4,0.9238098662447864,0.9997619151415678,2.0,0.0,0.9443872675145188,0.9996938475376467,0.9996938475376467,0.9443872675145188,0.8634752318612272,0.9971907762285176,0.9041100710817088,0.9998299920153553
0,672_18_4,0.6652786110032819,0.9994679616728227,11.874342087037917,0.0,0.5019971241412367,0.9999849594066733,0.9999849594066733,0.5019971241412367,0.4145769083582009,0.9924317062029238,0.9859832635983263,0.9989514982440876
0,541_18,0.8685422441451863,0.9996618226775098,3.0,0.0,0.8793476819728643,0.9996302232371401,0.9996302232371401,0.8793476819728643,0.708046578400942,0.9943017718060023,0.8579991375592928,0.9996934241157307
0,Patient_31315,0.8409322577803506,0.9985715152685692,4.898979485566356,0.0,0.8791921584106309,0.9981814268986822,0.9981814268986822,0.8791921584106309,0.4781390766227688,0.9735514231691316,0.8058634121633844,0.9989619086499962
0,1393_19_4,0.8593157513527332,0.9992563949024992,8.602325267042627,0.0,0.9305190311418685,0.9988524027395564,0.9988524027395564,0.9305190311418685,0.6354547815562993,0.9884544768639432,0.798234851782958,0.9996607139920333
0,1743_18_4,0.31793999757075186,0.9984239539687008,25.0,0.0,0.814132868872854,0.9970198303535374,0.9970198303535374,0.814132868872854,0.35805245320713913,0.9883059083429249,0.1975427898692909,0.9998320380740681
0,Patient_3614,0.8772598432698949,0.9991280904944944,4.0,0.0,0.9124316646572085,0.9988545752652989,0.9988545752652989,0.9124316646572085,0.5515004606303345,0.9828513871397861,0.844698938870371,0.9994017555574561
0,826_19,0.8854432189796452,0.9994817045882674,3.1622776601683795,0.0,0.9732662712188721,0.9990738259154868,0.9990738259154868,0.9732662712188721,0.6988820341275903,0.9909494689292663,0.8121578467153284,0.9998899164355437
0,1170_18_4,0.6979864050275747,0.9973392180591478,15.811388300841896,1.0,0.6788409484963016,0.9975870922489365,0.9975870922489365,0.6788409484963016,0.39577914721566476,0.9659210594412889,0.7182431273178392,0.9970914670192106
0,Patient_22117,0.7274967363779825,0.9970576715509609,16.0,1.0,0.6683524549894517,0.998011262448875,0.998011262448875,0.6683524549894517,0.29392771038410764,0.9637821110814879,0.7981249281030715,0.9961059012087904
0,17_19_,0.6155990763704781,0.9974661580342149,15.264337522473747,1.0,0.4448770719768606,0.9999957048067395,0.9999957048067395,0.4448770719768606,0.11224884186331877,0.9642065629553415,0.998945294068667,0.9949493762406557
